Date,Memory & Storage,IC Design (ASIC/Custom),GPU/CPU & Compute,EDA & Design Software,Semicap Equipment,Foundry & Manufacturing,Analog & Power Semis,Networking & Optical,Thermal & Power Infrastructure,Cybersecurity Software,Enterprise Software & Data,Cloud & Platforms,Data Center REITs
2025-03-03,0.969868231005606,0.9529436477129629,0.9436515098639999,0.9678248237075799,0.9719543687803572,0.9682410596263995,0.9842565877736507,0.9402879164863627,0.9306822543493042,0.9738111548323026,0.9783463988981593,0.9763763327157751,1.0095588856864561
2025-03-04,0.9365364404512516,0.9634238315856041,0.9417754847470242,0.9742852959926518,0.9813432661480098,0.9989593838859903,0.9801165817641905,0.9414142803653025,0.9323253576625932,0.9858144669282438,0.9687764475328251,0.9751057493374193,1.0026517435723123
2025-03-05,0.9388018460585813,0.9853128652018692,0.9452464449738732,1.0015660968356837,1.006370102948258,1.0203263281473147,1.0011239392672233,0.96100475606477,0.950978485785171,0.9741506742639364,0.9979014531919724,0.997613632808017,1.0112861124006929
2025-03-06,0.8829115341359507,0.8918425715921496,0.9114607275972582,0.9904374539105528,0.972709384118935,0.9990996917958224,0.9641814253656429,0.9049033130362334,0.9135024948471541,0.9513012420385971,0.8923239884772028,0.9740676370643434,0.9828977199881884
2025-03-07,0.9014714563592194,0.9193192285701239,0.9327312442287989,1.003338554015694,1.0014302795054855,1.0199342136373315,0.9913670706515019,0.9110358804097913,0.9393542646458722,0.9504263305486147,0.8986944577150434,0.9713649045082358,0.9935985775520638
2025-03-10,0.8686762658444419,0.8480325968645808,0.8873086077696741,0.9544208773725088,0.9559776084324171,1.0068958096571063,0.9539993032130084,0.8644905521059413,0.8973582874648349,0.89523972633741,0.8439257148838001,0.9356053996697297,0.982275191255477
2025-03-11,0.8861030596143717,0.8566906465369438,0.8803077768141375,0.9543625674601829,0.9040041262034976,0.9810104823304284,0.9262980092935665,0.8714418798169367,0.9212727731653594,0.9275322011715265,0.8633892268197608,0.9386876988370976,0.9802505311814822
2025-03-12,0.9153429750585755,0.8724892365542063,0.9160000454306226,0.9628352981621418,0.9217827815087721,0.9869938585944629,0.9250448272250099,0.8848706120977677,0.9528688136935982,0.9375546348007916,0.893185481640335,0.9529304976921994,0.9840300434065073
2025-03-13,0.9024082980244762,0.8635974642782055,0.9417156129197644,0.952756605033494,0.9157869519715255,0.966231898701415,0.9105717721412777,0.8518832178746424,0.929488032499776,0.903285754832203,0.8596990164539801,0.9268226677471246,0.96945127173211
2025-03-14,0.9470473832360337,0.8787334097956367,0.9768358097439883,0.9891700735610326,0.9493048352576016,0.9974342380665794,0.9395081675917989,0.8755154552179825,0.9658827748802254,0.9420403484241405,0.889202720939135,0.9482031500589347,0.9993105836340007
2025-03-17,0.9652469536793791,0.8938850043865757,1.0050511115284204,1.0013018787334556,0.9589993312580792,1.00603357876783,0.9651404211720819,0.8965329070558461,0.9836074626588938,0.9596529626708773,0.9026924485885894,0.9428697562940717,1.0119968451791697
2025-03-18,0.9513141027001456,0.8702655882879708,0.9926716701250599,0.9928588912097275,0.9468600389515914,1.0061032587810703,0.9514936433488281,0.8814700997731896,0.9549283347189175,0.9554249588239331,0.8835297082533823,0.9222348466413421,1.0095466339998869
2025-03-19,0.9574164194200048,0.8893551844418223,0.9827004919122748,1.0079378312202254,0.9523142059800137,1.0080163485480629,0.9586580498756624,0.905769948102332,0.9880073107987113,0.9749458231524675,0.8958221106970969,0.9333658961948782,1.015170485327266
2025-03-20,0.9556099593608287,0.8652241359203764,0.987703662695212,0.9987717867212431,0.949100189798055,1.0048178159084589,0.9392143132179687,0.89566007435251,0.989627844804857,0.9666629607952646,0.8951740879326282,0.9312953546451913,1.0158260760289537
2025-03-21,0.9235238359696788,0.8705819317413859,0.9874530267382888,0.9899046004988596,0.9352899754717435,1.0068179120945415,0.9260478437979841,0.8931393816955884,0.9892227375070687,0.962446810881999,0.9059901044398736,0.9412346643797981,1.015684493854579
2025-03-24,0.9371354633999571,0.8919074235737204,1.0239965751780125,1.0056377103427843,0.9626233951423413,1.028701246635735,0.9700282223142688,0.9486202565404905,1.0267538276722021,0.9808709596124786,0.9335345278177931,0.9649978328689979,1.0207514570281424
2025-03-25,0.918835702981904,0.8743648017126358,1.0232568991402826,1.0049672870600261,0.954880092835081,1.0185446216078642,0.9716189177483513,0.9434701512504841,1.0191529103616248,1.0083178311204082,0.9363686282452067,0.976234130376827,0.9973123911013326
2025-03-26,0.9055846761534965,0.8394222068520474,0.970783017113993,0.9777823673882309,0.9350360683841199,0.9968358851209472,0.9499510228749217,0.9069016322187378,0.9563347666152502,0.9852781913575192,0.9081830567854461,0.9537510364300523,0.9931793972448905
2025-03-27,0.8969300531779952,0.8126946570523089,0.9548930831062882,0.96779318430742,0.9182746152670574,0.9820105658102514,0.9371718575377552,0.876553761753863,0.9168371321738841,0.962021849592907,0.8923189774358188,0.9470449052355892,0.9925056593357797
2025-03-28,0.8699911594110225,0.7852485587132653,0.9243353399013224,0.9423818868852121,0.8910225127330272,0.9620274175401736,0.9029664259397041,0.8602603158420672,0.8961677814753388,0.9437492336787258,0.8563465616916236,0.9080489671810325,0.9851244886424873
2025-03-31,0.8636546524211725,0.7790912832942547,0.9183775168778644,0.9250182923944423,0.89295667877394,0.9930315662456748,0.9075221517022559,0.8554621108290652,0.882183137360631,0.9270983675710541,0.8453771716099117,0.9034140750191966,0.9948030853826137
2025-04-01,0.8715707283088444,0.7859044872447408,0.9159525276196321,0.9347158842591681,0.8950871422334548,0.9820853609350132,0.9030770801020669,0.8584065651964431,0.9091497719628003,0.9385332819421888,0.8559163982749332,0.9170992230848323,1.0030912178779257
2025-04-02,0.88090170379768,0.7961176001045424,0.918670848081384,0.946933815639388,0.905175698903877,0.9842065678197429,0.9117168319223433,0.8881490489995837,0.9389768447310823,0.9573818445272698,0.8744822354290435,0.9207969608947135,1.008410960877348
2025-04-03,0.7319826988824287,0.6918011441492338,0.8628810143026832,0.8625963180401907,0.8155321753226356,0.9206927172807959,0.8113197919211472,0.7723342796406762,0.8396971839060857,0.8925560356667296,0.8149555056283998,0.8648013227679807,1.0062106212126214
2025-04-04,0.6582427278134488,0.6290711014903038,0.7816083981159071,0.8046549190602507,0.7516493155460976,0.8647840424363702,0.7555178004258053,0.7231382615604612,0.7807411296068227,0.8281753750401969,0.7570680467893934,0.8298523419120262,0.9656251718916632
2025-04-07,0.6814173794954578,0.6578094946779115,0.7829707786852843,0.8054589001575349,0.7907762571595449,0.8650434408136257,0.7738643296770235,0.7472338767598848,0.8080368123142334,0.8428335922359346,0.7614994861040507,0.8402529111375349,0.9442926584770731
2025-04-08,0.6678450797299227,0.6404969394028641,0.7469674732515216,0.7888962359815423,0.7637982309208063,0.8386322461010365,0.7330631477541937,0.7375721823870032,0.7995057072279839,0.8402306190711466,0.7575939000965166,0.8275078884217537,0.9231211438938826
2025-04-09,0.7691695077608076,0.7847399909910691,0.9066289512212229,0.9136250644435182,0.8942876010173155,0.9561682880695394,0.8778308347368514,0.8409103376282588,0.9108100876686208,0.9605091223139525,0.8637667040456781,0.9238058773484207,0.9622947542033048
2025-04-10,0.717618682495931,0.6963919066925556,0.8437699502386669,0.8611976866508384,0.8274969127868715,0.9091633232318316,0.7866655892422814,0.7884191281773802,0.860182361755356,0.931239684122742,0.8240399335638203,0.8823229756495062,0.9485166060433525
2025-04-11,0.7140934315186582,0.7110643413667397,0.8674628545539865,0.8737197262089005,0.8489249825838476,0.932083873828017,0.7996915319966477,0.7916160699617775,0.8737630275229548,0.9438534482153335,0.8247223274242309,0.8960097516263404,0.9643969331869385
2025-04-14,0.7375008830536212,0.7024248675862056,0.8780803515238,0.8794312084597885,0.8500457279786033,0.9331596433585696,0.8078556753267523,0.7968250612779515,0.8845079139283332,0.9461221866700311,0.8317042433722924,0.8900775550551994,0.9816828331041612
2025-04-15,0.7360585433727401,0.7070451979245339,0.8752653077242762,0.8833557588456632,0.8557695521953927,0.934902507901939,0.8125079752708992,0.7994566391184313,0.8864045074771757,0.97182879449331,0.8451137643206712,0.877761927723713,0.9845768974822738
2025-04-16,0.7308300806133196,0.6904388353864963,0.8314176199562241,0.8662906450125653,0.8156342418057688,0.9045541359367836,0.7913680964429666,0.7852240397688265,0.8669893235286722,0.9487396598199023,0.8271930210194589,0.8510353459425112,0.9869064757367036
2025-04-17,0.7449569109034575,0.6883474680749654,0.8197918041131337,0.8690658345215998,0.8080311706630536,0.9036954752109787,0.7963425319216505,0.787062449073586,0.8727482736220323,0.941279447114279,0.8187365387768617,0.8433807873403623,1.0057961510941626
2025-04-21,0.7277188477760242,0.6768137705096581,0.7970895674405624,0.8478260221212641,0.7924758639374428,0.8887810286409938,0.7861355767197408,0.7535955567302671,0.8231163286106381,0.9054624010610032,0.7866983587085992,0.8200143601355019,0.9842285919094887
2025-04-22,0.7498797629221102,0.691973875885219,0.8175335646024569,0.8711713988497353,0.8091075793690152,0.9027073409884129,0.7966549961931871,0.7749885992695034,0.8565413012686398,0.9214446143168343,0.8053665148389334,0.8434720599624566,1.0029793276074705
2025-04-23,0.7755694132201325,0.7256863172971859,0.8558986397213434,0.9040933709034583,0.8391444655098675,0.9384669705657078,0.8259810613623734,0.8078195704961005,0.900742947604445,0.9500543119091267,0.8475737481970098,0.8706858105544809,0.9988202629241251
2025-04-24,0.8248106995312613,0.7870118215078017,0.8965978157273016,0.9486857389759551,0.8840088532706233,0.9644268394128693,0.8845288285363818,0.8428218214151053,0.9392443669623523,0.9987893846052681,0.9137560026401542,0.8962463228745743,0.9990426006291663
2025-04-25,0.8362409552178681,0.7988072922767966,0.8990578694032864,0.9702652311361653,0.8888097552738775,0.9671262365050097,0.8859075953333473,0.8603853338040272,0.9574422145606045,1.0186321827126907,0.9248095820694793,0.9115255042022795,1.013896518068025
2025-04-28,0.8310468537444781,0.7987160511372934,0.8964948641919134,0.9695917214193884,0.8870418374972651,0.9660700770020512,0.8879897233172548,0.8648115249952137,0.9527812693357348,1.0283528820569308,0.9280921002084773,0.9086977565564549,1.019055665019379
2025-04-29,0.8212710505084513,0.7906539181836266,0.8936077682331403,0.9733943950242965,0.8756981839277408,0.961968958658606,0.8696768473321369,0.8763566320951783,0.9625828741196127,1.0489940898652215,0.9343847843712513,0.9113009232806251,1.0395062706288634
2025-04-30,0.8749925646420174,0.7919721314506548,0.89856912951571,0.9650366262212148,0.8824767270496997,0.9757246362491548,0.8756109298492617,0.8796185644265052,0.9674860705622498,1.049683044012412,0.9369510712252291,0.9042254945654029,1.0533252257976096
2025-05-01,0.8754309922964459,0.8097337757675264,0.9038197472458734,0.9684636693858739,0.8705389596941103,0.9871244185482693,0.8720522243050344,0.9265557015962465,1.0193251668121046,1.0527690563767933,0.9458975982098862,0.9416638298765984,1.055628833938509
2025-05-02,0.9013337948821929,0.8358053636867591,0.9373443625704676,1.0007924415465668,0.901200536406882,1.0269915615864407,0.9064500636040539,0.9526405503201276,1.0387037596583613,1.0690195077764553,0.9707869495251353,0.9610507312191621,1.0651398302636952
2025-05-05,0.9041493063525817,0.8294900812915038,0.9337113198972752,0.9985154771539417,0.895766534086887,1.0189306146123984,0.8953593701331631,0.948828120092385,1.0388891550674821,1.0806131281910387,0.9686973980665257,0.958120391618523,1.0713552834680848
2025-05-06,0.9005644335935314,0.8221069400694376,0.9257032209914128,0.9889654109777039,0.8826585664996787,1.0018157814074344,0.8864788970757901,0.9447602542438084,1.0328973810162365,1.0775454527014725,0.9457168872433623,0.9486173630873044,1.0674908894446873
2025-05-07,0.9134546780152522,0.8114656949520442,0.9445630460823959,0.9572996003650094,0.9002857177244666,1.0129902783604654,0.906695239823718,0.9365502939822407,1.047870684180194,1.0636371541859873,0.95950233666779,0.9400015143629713,1.0581485306368057
2025-05-08,0.9254901619188318,0.8276789542471253,0.9417797359522024,0.9549619699240829,0.9082366498988298,1.0164569340902887,0.9143846581544698,0.9471807749648256,1.0624417693158483,1.0452145354414273,0.9802039294961246,0.9517864276320427,1.0482524372122
2025-05-09,0.9247796314491868,0.8726736331935234,0.9462286654559472,0.9503740404038264,0.9100897325255201,1.0263324942627703,0.932107756852571,0.9451899590573626,1.0665694618755273,1.031030720219134,0.9756252465205144,0.948748416291,1.0559611223883214
2025-05-12,0.9852279707757718,0.9446185401798171,0.9980502200338419,0.9931377860901552,0.9847993528019955,1.0833703676817996,1.0144833985546151,1.006150648746953,1.1255358526260764,1.0734728298179754,1.0163616785362195,1.0012397627279472,1.0310890100338643
2025-05-13,1.0302848378986755,0.9717280993281977,1.0301368517929042,1.0192258741937832,1.0180900762928555,1.1055443485313774,1.036511395119058,1.0287166952473925,1.1570074563510582,1.0899450080619997,1.0435584553312849,1.0126365607885524,1.0198301930689817
2025-05-14,1.0250002003226693,0.9648089577658147,1.0547963988322229,1.021595445401867,1.0199082953292398,1.1091204653514093,1.0329701529213966,1.031726626030649,1.1682466222469208,1.0804143572376848,1.0448902180753519,1.0239895523191014,1.0172605567835495
2025-05-15,1.036561322274713,0.9629086649471748,1.0473040923752897,1.010603546204307,1.016705148704083,1.1083465103900625,1.024827340203785,1.0334463574462962,1.1493182584410364,1.0805750146478403,1.0383168016994242,1.0097187779346402,1.0383966502228683
2025-05-16,1.048616796500556,0.9524240827200199,1.0603974839715622,1.007493193212304,0.9968005263408344,1.1092889809953492,1.0297872169097988,1.0357554470737311,1.1623136808159977,1.0968054261082227,1.043280824832927,1.0129160121088865,1.0505694294587136
2025-05-19,1.0600929295146224,0.9459348046424763,1.0441816121298537,1.0055817738803503,0.9904512691842027,1.1069066703690258,1.0193089753551778,1.0395012003206041,1.16211920961803,1.1034444187059929,1.03051223023488,1.0167512056840025,1.0560552623790966
2025-05-20,1.0507875737000945,0.9428218556721889,1.0357521300940786,1.003579883789203,0.9924063164964605,1.1034559138722997,1.0186082606110438,1.0351220316110203,1.1646251353204953,1.101824399845522,1.030548507534386,1.0085575858336777,1.0547071075800587
2025-05-21,1.026514729461518,0.925461772368666,1.0192462787939685,0.9853312003864391,0.9717533033654133,1.0967326305278589,0.9980223238233729,1.0222107384060677,1.1165038944600993,1.0697651129493546,1.0086028759694339,1.008240009227481,1.0396320699880601
2025-05-22,1.0398438615179992,0.929217937756898,1.0141582526163653,0.9790065880774779,0.9634456285205077,1.103471656376477,0.9663569003431908,1.0216724499893375,1.110360039786411,1.0891420112463004,1.0377955681568853,1.0158756365307144,1.0345802169349458
2025-05-23,1.049226010402251,0.9110523876574931,1.0000154129308847,0.9629949322390227,0.9466743415590372,1.0750569145576345,0.9504894572163128,1.0158705514817734,1.1087025281043112,1.0972677007660665,1.024375376976728,1.0032627723306624,1.0365116537550965
2025-05-27,1.0853016211420878,0.9493732489045222,1.0372265446542281,0.9895178134002902,0.9861761563390476,1.0879132618798424,0.9838145548983382,1.0376184483595294,1.1465882973274253,1.1159797885084275,1.045663575009805,1.0280944281808841,1.0477233295305528
2025-05-28,1.0891472486483111,0.9516881735237205,1.0328452453201658,0.9395110190059425,0.9778806523876276,1.0838971659685395,0.9773848050881508,1.028500636971623,1.1391738223842633,1.109912537590428,1.044403877652227,1.0243162052242412,1.0432830250298186
2025-05-29,1.0953497788053428,0.9544182822695846,1.025928790076981,0.9326348693718288,0.9762679920339475,1.0827973185541193,0.9794167804947894,1.0101309546693795,1.1404226758751363,1.0917201489812913,1.0336505896629056,1.026123175360104,1.0528149792839212
2025-05-30,1.0789575148980017,0.9364948922822187,0.9972345748339649,0.9293682716524525,0.9497545395978415,1.060712511432213,0.9618561824087479,0.9939127711911576,1.1306573499441024,1.1349169416861726,1.0504314506200472,1.0269935070784304,1.0532542625777457
2025-06-02,1.1012762285188,0.9622378604539127,1.0156222945662676,0.9411743895658563,0.9599418354483324,1.0697883563167123,0.9698661205718149,1.015134221675682,1.1238891587128574,1.163122375323444,1.0572761448013412,1.0351766557726771,1.0537217726268706
2025-06-03,1.1401773683286998,0.9979072088482556,1.0412187729761027,0.955893553601941,0.9803155660934703,1.0898321207587687,0.9922483089322074,1.0474869509936395,1.1528768658445843,1.1753127927623717,1.0630379683067697,1.0286338896428995,1.055599359245682
2025-06-04,1.1621604280002782,1.0287263977354626,1.0480076175613742,0.9742781204610392,0.9876808320926643,1.0967202691511988,1.0128512675823405,1.0544857554797835,1.1550787773191595,1.1520274556872074,1.0630491109559788,1.0420645623840115,1.0663292359620202
2025-06-05,1.1781610212206508,1.0197290940405435,1.0330672348013092,0.9716924868638958,0.9936659923685254,1.091681673155723,1.0032616073978473,1.0156351785001623,1.1548305110701937,1.1672653780867475,1.0791881909954923,1.0440461903924727,1.0679201079700507
2025-06-06,1.1871567886818566,1.0240166427466073,1.0453765777319055,0.9795389095389222,1.0173972243002853,1.1024317095324614,1.0138197074215727,1.025955231207558,1.1756756290353008,1.1805450963629078,1.0975727704590679,1.0661370240922299,1.0626230782820916
2025-06-09,1.2170462467140206,1.0389462361906407,1.0757860780565172,1.0035554035901402,1.039180758603482,1.1183805987821784,1.0425942667049282,1.0278941765049765,1.1522068370457763,1.1620850046801543,1.102568704802762,1.074039700062441,1.0609140467995046
2025-06-10,1.2143034462866018,1.045776982063441,1.1065609853773948,1.0129319430624826,1.0674536049133974,1.1449465177394718,1.0694590522075078,1.0192961395037874,1.1438980199619542,1.1604117675804846,1.0923521570921695,1.0808338061419909,1.0669379145244482
2025-06-11,1.2142364275062423,1.0545876241953955,1.0816432125280606,1.0180348146603764,1.0648563581863946,1.140931537219484,1.0594823512575953,1.0145698600492152,1.1584956780948674,1.1668433391492674,1.0918257494976178,1.0712645661930629,1.0586119700287937
2025-06-12,1.2142155089336006,1.0577570818370925,1.0776450488363976,1.0133008235668493,1.0685561148906255,1.1459936534635442,1.058121528591339,1.0273310823997535,1.182985842674135,1.1751684538128315,1.1180650191222663,1.0720638337944726,1.0661765884921823
2025-06-13,1.215466983797805,1.0237860304936044,1.0525568178576297,0.9756070130401293,1.0445494305263558,1.1264224326746366,1.0191861662396848,0.9959911212460475,1.1530279157198087,1.170518893654519,1.1188466744337116,1.0628165812159707,1.0540215727985638
2025-06-16,1.2547672381587356,1.0576288162364882,1.1012106109881656,0.9909827267449361,1.0869159797957844,1.1528150356513347,1.0530888650863957,1.0253266692558487,1.1937181860508144,1.1787390363353654,1.125783891163399,1.0808505514664515,1.0569520318997865
2025-06-17,1.2644207758425015,1.0490733898998774,1.107663411838872,0.9804633715140664,1.0772629411491708,1.1324957066236638,1.034569452689211,1.0058191608107476,1.1799834480829574,1.1972701740275202,1.1212603246883033,1.075494274870115,1.0562280166796578
2025-06-18,1.2754506916401636,1.078210156035995,1.1213322155667886,0.9827408953528776,1.0669921109656284,1.1418768821125649,1.037156333755566,1.0185626859905565,1.1955859485008502,1.1818842393021234,1.1205194838580972,1.0692709597526142,1.0590052712134046
2025-06-20,1.2812802511570902,1.0745080592000522,1.114110250184881,0.9754498785769228,1.0503284958446468,1.1341066927282921,1.0297428481164308,1.008236278704481,1.189365973998893,1.1704573094818425,1.1082028366421806,1.0486715561499915,1.060639646732538
2025-06-23,1.2907935942128936,1.0645968424004222,1.1273319441181813,0.9850768325739416,1.0626483619472677,1.1386469782212203,1.0416644529037458,1.0302620502532323,1.190475454177508,1.2029124293243971,1.1201837211052086,1.0558043619511137,1.0769541413580759
2025-06-24,1.333826950648814,1.1103637823094386,1.1853226459060393,1.0092824900901871,1.1063801282046555,1.1559013992062723,1.070346229364808,1.0550425550182199,1.2236257645357904,1.1983350460275832,1.1543122468934381,1.0711709716607913,1.0869405509018264
2025-06-25,1.342244744855615,1.121290384837744,1.2059104632821842,1.0106850391644608,1.1127414629295564,1.144183293623202,1.0690448395800116,1.0754100558152129,1.2277535011073872,1.2089121426631677,1.1454043285439797,1.0763244264613891,1.0459424571866374
2025-06-26,1.3516599542572443,1.1446925426453918,1.2135700970480974,1.0299980881030237,1.1213740914603294,1.1438544391107133,1.0803013278787972,1.1135298328755099,1.2398626961833916,1.2151277480638514,1.155025137580482,1.0967867771203108,1.0099329590017352
2025-06-27,1.3480670779378752,1.1285636284632847,1.2357729437269487,1.0456294277526053,1.1157294373480098,1.153714324115022,1.0796794633984652,1.100165666570051,1.2534279479178354,1.2081579562974718,1.1399185405050047,1.114490732692908,1.0270289735847762
2025-06-30,1.3567799246162935,1.1378922180608566,1.2212452613178895,1.043766693891705,1.1164304966363647,1.1465103792204752,1.0816887782545217,1.1147679634225507,1.252702493902138,1.2266473605847905,1.1572067935091943,1.108542239009206,1.043993089008332
2025-07-01,1.3492846222721258,1.1242562996589234,1.195645450693862,1.0443957670150008,1.1231397209782847,1.1538634639547598,1.097482258549869,1.092172436757085,1.232269052398418,1.1896774172613704,1.1355786385183884,1.0992089412139263,1.0459415910131187
2025-07-02,1.3875111019077935,1.1295164877804154,1.192700430423158,1.0571189236470742,1.1524025330485304,1.1828414147685078,1.1280565993562117,1.0996951282324814,1.2539454323493078,1.1925014304029395,1.1446334940358172,1.100216760832171,1.043958454651658
2025-07-03,1.3840999937994234,1.141083151935992,1.2045503185550512,1.0880508120427645,1.151583467648517,1.1858542164227492,1.1282627810706398,1.1209338408328653,1.2783306151943203,1.225964958751791,1.1727303038311738,1.1123896634180166,1.040053050434995
2025-07-07,1.365912471194642,1.1131098603256717,1.1731781777142463,1.0589288587151529,1.1378590129875428,1.1537988044800085,1.106503023822728,1.1031956647521803,1.2547190042153136,1.2237404419186082,1.1745530249991407,1.1073403249042582,1.030610923302011
2025-07-08,1.3625927671572606,1.1279509008323076,1.2060254337712497,1.0785384288202458,1.1562106222038684,1.1829439821862506,1.1297747658577277,1.1093552159356548,1.247917883093439,1.2286396650004092,1.1747692522084312,1.098725972949397,1.0287670377967475
2025-07-09,1.3512993314703163,1.1386142084131672,1.2112953657910006,1.0890812378375463,1.159746142516084,1.1865865479692173,1.1205551122462107,1.1248270268250868,1.2587739693146511,1.239571107250504,1.183231083826855,1.114694864472299,1.031838878103165
2025-07-10,1.3653297289737614,1.1430103788311243,1.2321373925806711,1.0956173217280694,1.1872531618080664,1.1781623847990343,1.1269508530456487,1.1272755609012008,1.2184163621565103,1.161257558032505,1.1539743253902086,1.1126916685655208,1.0292641236204048
2025-07-11,1.3865747772733878,1.1355845827661575,1.2280501696650044,1.0825492900253695,1.1830546106003454,1.1761394848158693,1.121643624238651,1.12622333364378,1.2236564134009738,1.1394069844210035,1.1302550105942784,1.1174698093590725,1.0204323669479465
2025-07-14,1.3760899926529617,1.1336373299964033,1.2214417914547222,1.0683982677488795,1.169226390410594,1.1616916452637147,1.1077612224956195,1.1421378113702074,1.2275186705509553,1.1557372431476245,1.1458283223188708,1.1215868458855816,1.0294845676389517
2025-07-15,1.3859106099855718,1.135641085489837,1.2537959086299466,1.0759345586404083,1.1746640098920358,1.17693119311537,1.0964473404317643,1.145664133703981,1.2291425901828879,1.1595722107985749,1.1534236442056187,1.120551609776594,1.023169610550123
2025-07-16,1.3589336080768848,1.1341451340628255,1.275352321358589,1.0871355331073729,1.1617608117960763,1.1739918099882838,1.0925383551198478,1.1594076546242658,1.233073101698762,1.1530911075416497,1.1640555519660498,1.115073253537509,1.0376510425911427
2025-07-17,1.3487051842972073,1.14726753606394,1.2873832042663242,1.1130148108994309,1.163268277651277,1.1956810516493612,1.0975619689159741,1.1829247269810061,1.287911993699279,1.1608863743368096,1.18178534454275,1.1196217263253574,1.0474373146826028
2025-07-18,1.3669650859756055,1.1596062857892848,1.2827576204281628,1.1056987759640087,1.161411364616973,1.183413596020904,1.1048006227858955,1.1799015075514236,1.2820650106381863,1.1677800974278554,1.1886974026364658,1.124934087502398,1.0542828435701976
2025-07-21,1.369014721366556,1.1532098508777717,1.2936816650636953,1.115585524284375,1.1726879829059451,1.1843702346821094,1.1033409495857418,1.1832400139043637,1.2554802505754028,1.1812573611051322,1.1839197634419503,1.1400113871073414,1.0620483061459445
2025-07-22,1.3324294356479511,1.142088636819724,1.269671681800847,1.1167400987522327,1.1349915974195768,1.1661992628744577,1.095929445901166,1.1652986736628816,1.2528328438647027,1.161589623245765,1.176189236643426,1.1336575047404338,1.0856782292006437
2025-07-23,1.368572219877727,1.1304840537466894,1.2939137196284807,1.1282311445416093,1.1326006385388607,1.181468608195823,1.046806058879378,1.1884032447046762,1.2933439784071499,1.1575956228783646,1.191853641079201,1.1368981312398416,1.080240414795258
2025-07-24,1.3744001927651994,1.1280238705349392,1.2961944316512115,1.1102254940705882,1.1333278414031578,1.1662933981583947,1.0411830879922503,1.1919849868182488,1.2956289043915672,1.1608845320253294,1.2098379511214983,1.1480028840489775,1.090684478818229
2025-07-25,1.3656261927193551,1.138564725653956,1.2832460495088225,1.1122725780715204,1.1229762941264412,1.1791001064925601,1.0411603089693369,1.203463066946227,1.3424443467719918,1.1696912653448481,1.2219230244746675,1.1492736085627377,1.0841625235749266
2025-07-28,1.3654125073708712,1.1598856699505962,1.3051610165865617,1.1109050868043273,1.1443444917562675,1.1760367385964583,1.0652800264678952,1.2278196801062942,1.3605453622431565,1.177207587124076,1.2291086622599032,1.1513760078412472,1.0649952247353196
2025-07-29,1.3857200040078377,1.1669968504932438,1.3039274905393134,1.175696546128263,1.1384362261619887,1.1661115169792187,1.0611013437463863,1.2404444925980993,1.3540285347643854,1.1584492558538795,1.225363952101696,1.1468810146249198,1.0647945397331242
2025-07-30,1.3866402431398135,1.1991678479721457,1.3133068013488198,1.1845372782077424,1.1968603432212916,1.1588923823686574,1.0544108335635145,1.2581028359485995,1.3651921798970295,1.1300350466639164,1.2281348997325525,1.1454185555061225,1.045529646981339
2025-07-31,1.4411279112556128,1.1653318834871669,1.2520479004444824,1.1546901363207749,1.1538079627937756,1.1226159612183417,1.0197342297252567,1.260805706177092,1.4299953427574625,1.1030881279217974,1.215757097163869,1.1870752752789464,1.035337050606234
2025-08-01,1.4025827367649417,1.1229581839363285,1.220411875089986,1.1248077368449882,1.1520664759657817,1.10294073556351,1.038207774419096,1.2134781097345078,1.4197162623385284,1.0850253333302196,1.1597745513979758,1.144036460871081,1.0337245827425763
2025-08-04,1.4199851195103195,1.146488627828554,1.2489479444641978,1.1604435124412715,1.176419327539416,1.1048445043599393,1.0591289210705335,1.252375936620812,1.4323105781846481,1.0957810709757243,1.1853891367567952,1.1651892089262361,1.0388203444023967
2025-08-05,1.4073844859143259,1.1439384648385897,1.2463282924172443,1.1511676792353929,1.158365095024436,1.060376730354259,1.0476756543882784,1.234809662631457,1.4018626363764777,1.074583463095581,1.1946489016334805,1.158392177910006,1.0288681770866963
2025-08-06,1.3796176859379152,1.1433439418617564,1.2292284239685127,1.1433707230154984,1.1505604787072712,1.0612134360024579,1.0462058634008014,1.3105768403402007,1.3956986758241277,1.09471135459147,1.216598031508318,1.173795738317105,1.022352502883478
2025-08-07,1.3993864468187958,1.148954098428374,1.2381456448148307,1.1428271407911565,1.1803076368657572,1.0631850400978582,1.0465057744263282,1.3384418693694347,1.391869631998502,0.9947460242084644,1.187969916717431,1.1693676994291538,1.0306640204128021
2025-08-08,1.4393803434438766,1.1328447007262252,1.2516048437382148,1.1557370090359511,1.1945024367748658,1.065328866267546,1.0529927919232158,1.3515896585694156,1.402646862937972,0.9873437560176221,1.1626934660072448,1.179620433887126,1.0191968535157476
2025-08-11,1.460714837272834,1.125611793700169,1.2663793604134246,1.1422837477217114,1.1851839810136071,1.0578146524839434,1.0434378783181313,1.3312461563068425,1.3947797891864102,0.9920682869320088,1.1428949492663782,1.1756973832867719,1.015321742933915
2025-08-12,1.4973782418356227,1.1610637829619996,1.2939910187546093,1.1914450397764331,1.2291766017593884,1.0793459583510863,1.0988790382098528,1.3627292510895206,1.4316012346363605,1.0250390367561668,1.1544832692683302,1.1928135408264187,1.014243452782417
2025-08-13,1.4891002833154428,1.1714478631764675,1.3130154666302418,1.193007161215424,1.2471483093072462,1.0835260044377264,1.1259658377135904,1.3366349466609309,1.406211955885114,1.0299938318575261,1.1545922507787645,1.186326312025208,1.0102944879416453
2025-08-14,1.490519510522836,1.1741983310763648,1.3294099182379695,1.1881738532692288,1.242039053245964,1.0816220168674329,1.1218979880406328,1.2507354031692874,1.3834006818089206,1.0078117412168173,1.1412018603502272,1.1981063195735782,1.0012146965779258
2025-08-15,1.4611545942873732,1.1522750224408516,1.3260973804373444,1.1778897763575422,1.1427842096401692,1.0776004342027998,1.1069797461682533,1.2427161163786369,1.3739738909195274,1.0245206217318847,1.167794368730914,1.1994509510294427,1.00901391853389
2025-08-18,1.4934020895681854,1.1534436892067972,1.3193872811176506,1.1930403019076607,1.1494456895900131,1.084918887211951,1.1184328492922115,1.2418547666048787,1.3922777024225945,1.029517202868925,1.1787866640162374,1.190869645713376,0.9959208557147537
2025-08-19,1.4821372711623848,1.1114178226496818,1.2964021777318755,1.1553505930321268,1.1495263214309606,1.0658720007135882,1.1142950113985504,1.2091052639574587,1.3608562444590497,1.0222497121590273,1.1366128484413058,1.1731854161653559,1.008436974308817
2025-08-20,1.4625829423116545,1.1140866998978225,1.263774343170295,1.1423822061887052,1.141830647133013,1.061130421862745,1.1318882625363456,1.1962871029790063,1.3537201183170704,1.0305754490644539,1.1329791306562043,1.160711283096334,1.0120426409029954
2025-08-21,1.4386644136933227,1.1083607704114393,1.2647380736839338,1.1437963627917378,1.1351744496992535,1.0479730880518174,1.1263267409178974,1.1998180277041823,1.346260413616676,1.0166133192954265,1.1275934480260033,1.1547312285836104,1.0084645213333134
2025-08-22,1.475629345021854,1.1402524545571535,1.306497780936397,1.177937754296367,1.1595878221388063,1.0784776188803396,1.1615050083379221,1.2237747232162512,1.368549439627976,1.033601674775546,1.1455890171713792,1.1806956385781142,1.0231884369593212
2025-08-25,1.4995400268905243,1.137046072029189,1.297646786699448,1.1595349342765937,1.1697099190034994,1.0760227844822605,1.1641776086656712,1.2276845079960945,1.355920987750346,1.0203033278728333,1.1385291313852888,1.1806611651298724,1.0170823075696727
2025-08-26,1.5067545497258257,1.143579508944564,1.3108533954337145,1.1656698139676067,1.1877336373914296,1.0786376254809138,1.1713490516693552,1.2424358531506718,1.3848312704861376,1.017271882712812,1.1316889720308558,1.1787610165611788,1.0117269095130412
2025-08-27,1.5242715091303336,1.143697174392036,1.319213844876173,1.1642101446240305,1.1838402290068435,1.0801307001388898,1.175688283386929,1.2416426326982528,1.3878749344590815,1.0316818702697506,1.2156236409870278,1.179905746013781,1.0091008253414466
2025-08-28,1.5668548238847442,1.158792492853096,1.3249713339286062,1.1997993009542158,1.1906017789739298,1.0728551160029973,1.171340886600973,1.2856295824782447,1.407964624056405,1.0589752459948167,1.2905220782354914,1.1921731846634716,0.9990813251997286
2025-08-29,1.5281432942141526,1.0713998553484427,1.2847086573070585,1.1656222648545338,1.1647716160115411,1.05384486885626,1.1527322148112793,1.2559708106631808,1.3630349608627406,1.0424032760042863,1.2710051290543882,1.183966233520396,1.0028208309640825
2025-09-02,1.5452621653784002,1.0745557437571398,1.262117180375185,1.1436438606070192,1.1471929916150114,1.049787140210349,1.1386403529367615,1.2380080600570602,1.3398952270953284,1.0277095205400475,1.2638518057991057,1.1747111523150167,0.9843793805359012
2025-09-03,1.5896077831279112,1.065040458048309,1.2565218101009306,1.1462357222494959,1.1437284468489486,1.05660257893888,1.1244147911431155,1.247283707052512,1.3410373257440402,1.0239826111263097,1.2565852311855854,1.2032989270664998,0.9714343886278767
2025-09-04,1.6647942132911833,1.086046393808865,1.2754664855558682,1.1633812911003776,1.1645946003504104,1.0757646658335305,1.1175917730784704,1.355238618432064,1.3575511087690608,1.021947746083351,1.2422908693550112,1.2246306968281395,0.9697929194667991
2025-09-05,1.7188962426453027,1.1241187160169712,1.2506341223059896,1.1621596046318674,1.1928050682456166,1.083665944393105,1.1271573567049877,1.3610385646413783,1.3490285717898238,1.0416078137821214,1.261774253001988,1.2175742272422039,0.9779704118524905
2025-09-08,1.7303590078245326,1.1484314206404909,1.2556748168585086,1.1787640259050645,1.1957197128209067,1.0901500661696646,1.1241297140060456,1.3637943902623952,1.355159733588833,1.0641030502367217,1.2780909066621817,1.2228365684247733,0.9608063412383072
2025-09-09,1.7618348758456528,1.1401924575513862,1.2726198980174943,1.1755368017994454,1.1930654499251245,1.0859712535801258,1.1176789747855922,1.3818065043460197,1.3612956491825485,1.0604349033297504,1.2921155484739688,1.2388235858578913,0.9721131079222698
2025-09-10,1.7899314703050166,1.1786940213694765,1.3268956883434369,1.0837718250760315,1.209947478453843,1.094634147376985,1.1086616760827246,1.443856466717585,1.4419659201603452,1.0565086558817602,1.3676398478953742,1.2236147717797585,0.9848730238146997
2025-09-11,1.8537258160116066,1.166839587892866,1.317612102918884,1.1653911470657201,1.2484057660194086,1.0925381591972836,1.1104993729638573,1.454489545680287,1.4260933213449527,1.0752793040482371,1.3540741899892346,1.2245968583784512,0.9989058444286815
2025-09-12,1.8881866252744262,1.169624026940018,1.3092181686652917,1.1407395638035476,1.2403972435794013,1.086930772138139,1.096953637132203,1.410651012549685,1.4354819666354135,1.0669262141067566,1.3420638540407728,1.2300925753647678,0.9920913653660433
2025-09-15,1.9694199191346962,1.165439395127537,1.3308103639335134,1.177273669279108,1.2652094445081443,1.100910602937412,1.0956928321277823,1.4524119296528506,1.4614948521613442,1.085754966673245,1.360940735127115,1.2553197033457097,0.987246005810477
2025-09-16,1.97830808511193,1.1771856529717257,1.3306876012659303,1.1814817801501507,1.273525145265479,1.098515936985185,1.0984159607211113,1.4415963091350736,1.4523568992542841,1.0783598995417174,1.342008715491157,1.2603313767315814,0.9845849149858473
2025-09-17,1.9763782496924218,1.1822894182636265,1.3133519837136862,1.1827301426168582,1.2865902244669265,1.1053472731851979,1.1127727582487317,1.441033781624772,1.4446810579205436,1.080391375494977,1.3366578542849077,1.2542950993922322,0.986963893248132
2025-09-18,2.0506304146106378,1.2022763543455421,1.3824105066034886,1.266281471863938,1.3503771686528931,1.1305987024793742,1.136401888881388,1.4763250524337932,1.484117418921332,1.1320468315122776,1.350731054267908,1.2577746878339366,0.9793012049394919
2025-09-19,2.04980252730441,1.1952489383685754,1.3623405615199868,1.2687892321992695,1.354905714298628,1.1292059635395109,1.1251137424353226,1.4857263107272662,1.48387965454337,1.1497795813439926,1.3860967586187385,1.2665799652183398,0.9842255344326132
2025-09-22,2.1197923714045372,1.1964880755273783,1.3752131317304723,1.2908927036116753,1.439462014305833,1.149648651673907,1.1318992516821664,1.4939816865375188,1.5023922960988787,1.144476906679213,1.3951976431397122,1.2510856383106252,0.9917387071895488
2025-09-23,2.1102007024098306,1.1876516512980226,1.3665307158758395,1.2617907021710222,1.4380072693233439,1.1684683533584348,1.132314423219338,1.4726087843056965,1.4534838132542818,1.1310938940399966,1.370108764378788,1.2333366382256818,0.9941054302467276
2025-09-24,2.0731022445497995,1.2240782462226834,1.3936039017511648,1.2390860500957865,1.4244175249737567,1.172468476411888,1.1389032286646705,1.455576013168548,1.4366433454519507,1.112709175329706,1.3614950035126956,1.2298042302438688,0.9834930551969476
2025-09-25,2.0247317815098453,1.232911803361177,1.4179652553204374,1.2384613430282159,1.4165396146201517,1.1616075666666528,1.127551360751479,1.456397040945731,1.4085215533812425,1.1138030537909467,1.339215717972251,1.2186190896125275,0.9821294939275811
2025-09-26,2.0173643494254634,1.2251917128692962,1.4281363681911956,1.2471701808568392,1.4329957031568625,1.1940906968842706,1.1293009217043337,1.4656607849414054,1.4176361135655509,1.1304018758017493,1.3430266567721223,1.2223878197340703,0.9887970092507363
2025-09-29,2.1437041892509967,1.211048792405024,1.4299257986757872,1.2429691799229556,1.4398615580784986,1.2126455210881875,1.1239046504522723,1.4796334483815645,1.441450391318873,1.1400129614316006,1.3464120803304764,1.224356923848654,0.9867932136927222
2025-09-30,2.2005163512684587,1.2226998845880175,1.43485610259191,1.2590630409425583,1.460973443540984,1.2080881905028866,1.1385200448447879,1.4926163488498112,1.475843706221272,1.1413942855324763,1.332962727575348,1.2178620696646736,0.9892317066106753
2025-10-01,2.394431043785582,1.225428305342757,1.4891392583667475,1.268318318535466,1.5346715331465723,1.1973491550028115,1.1209092747730358,1.5430372882173153,1.5129446493848304,1.1597957596450699,1.3519643461825952,1.2155562701703844,0.9835394945756814
2025-10-02,2.3990110232769286,1.2554152767745033,1.5238607405693658,1.2703451174315143,1.5690667988395737,1.2046129162291566,1.1346744990386366,1.5242696498377921,1.5150892755489516,1.1681506645264015,1.3699173391427715,1.220780357193262,0.9830322589020197
2025-10-03,2.4109502027750938,1.2583420143772517,1.506381076091129,1.2608736099300404,1.5453145369082917,1.208882440174721,1.1298476436545848,1.5244860736594115,1.5083122940737073,1.1573862226364795,1.3440193287185802,1.2104092637378097,0.9874030248801422
2025-10-06,2.355773127877725,1.268222161753628,1.5978679092792114,1.2835719702318638,1.584793274664549,1.2299839954618106,1.1510453848302244,1.5490416354350078,1.5399132027897176,1.1703275694147877,1.3693976601417588,1.2273254152666393,0.9819779441992879
2025-10-07,2.2429422301717166,1.2497629332903288,1.6264098006071834,1.2539604293985598,1.499743677124202,1.2035390703972149,1.1116850982372453,1.5300301196585973,1.5067048044139968,1.1446066684080762,1.349526007084816,1.2190553731929865,0.9834510113823296
2025-10-08,2.2922273439727316,1.3000776050425324,1.7033769938750076,1.2839954470096506,1.5204153392590216,1.243536930133488,1.1418759477552152,1.6003676842050796,1.5450151654830178,1.194568409520459,1.3784983537909967,1.2249092310969711,0.9887911898351809
2025-10-09,2.257503355490229,1.2840845843585094,1.7204840964030514,1.2920790276651661,1.519472870104876,1.226796429052297,1.1318468363673815,1.629851306380878,1.53289577838068,1.1908188080167534,1.3968409598909106,1.2297227265581412,0.9918264182229882
2025-10-10,2.1637694764967415,1.199437654711266,1.6100214431624373,1.1915724072688567,1.4158807919048817,1.156754057922889,1.063299535940033,1.5508834356662646,1.507244944685811,1.1566994624419247,1.3503738551811766,1.189504936827033,0.9842283934756488
2025-10-13,2.246888831285755,1.2829290075126814,1.6781527046338267,1.2422649307654121,1.4834119309625429,1.2288439154615864,1.1169736476802883,1.5674558278585478,1.550370745897928,1.179003805064804,1.3878052909934284,1.2103018126265195,0.9821416351728126
2025-10-14,2.161711582540628,1.2540883724663614,1.6357760901959508,1.2232887451017134,1.477077115283634,1.2153890243529668,1.1113988387124147,1.5319016322810937,1.5566969293032196,1.1451956244361916,1.3629393488775987,1.2035902105328773,0.9934656999225187
2025-10-15,2.2534577960606597,1.2797270712756172,1.6973302623693391,1.229405722448595,1.5432575212148827,1.2280285508584157,1.129595837429234,1.5620446811947604,1.6083123328810387,1.1463010141337864,1.3641670636811607,1.2129874678311388,1.0063807092254125
2025-10-16,2.3518482255913544,1.2808996002248854,1.6925694590462461,1.2285569936823246,1.5365245330324093,1.2159153104456077,1.1395664147346982,1.591213595697575,1.5865339815422523,1.1362156838946755,1.3729456314879354,1.2085686523129324,1.0036088627078743
2025-10-17,2.3508257683996985,1.2723614986090768,1.681341303928446,1.2115747919649893,1.5292031788084126,1.2118388452267688,1.1326744243570084,1.5910073052228628,1.5572205143204176,1.1429145115595507,1.3604325820314223,1.2119862915349966,1.0004730134412867
2025-10-20,2.300584697129758,1.2746432500049532,1.7208290126443297,1.234197685291817,1.5602211308305216,1.2295738546559347,1.1562266179020124,1.6215618834516237,1.581974775677809,1.169733312107828,1.3787246582642925,1.2291054487493742,1.0100999651053149
2025-10-21,2.283820308838202,1.2616683242035782,1.707726185055793,1.2348243404076467,1.5690142888395107,1.2212516417168247,1.1609101605197454,1.6144738729404438,1.574968843726836,1.1774901471032848,1.3917614388126422,1.2306680688465195,1.0057646376920706
2025-10-22,2.265253526979357,1.2239397575869753,1.6689721536971815,1.2096621698932282,1.5257158820748438,1.197281036257374,1.1231172843325432,1.5853797915476016,1.523699713706902,1.1697881759527242,1.3686138789402618,1.228295775374468,1.0051001426451385
2025-10-23,2.3693962001850517,1.241113112692569,1.6982043152427646,1.2445579717351007,1.588707408205405,1.2153942209064084,1.1530489550530554,1.640520699694953,1.5795241222351664,1.1973939584783146,1.3948734089998178,1.234674497410041,1.010612450566602
2025-10-24,2.4666324273050884,1.247531337044315,1.7518858534602124,1.2742063372363885,1.60642069364594,1.2240940647914627,1.1407263118103355,1.6872359997097306,1.6213335314301753,1.2095588732381446,1.4075533098467832,1.251014829736695,1.0206973823608472
2025-10-27,2.439808537368036,1.2885543640849542,1.8106627920565035,1.3057993001031636,1.6447045555231048,1.2314239831673142,1.158308751407082,1.726621852147227,1.6447439938549713,1.217516026411324,1.428336038156504,1.276117809189306,1.015380986347605
2025-10-28,2.4094135635011735,1.294243671596417,1.8390884810304058,1.269462384178092,1.6230181119548557,1.230152362959941,1.1335362606162298,1.7327330000867913,1.6301609621120536,1.23347030168395,1.4235170096529153,1.2837857296674153,0.9843095130643155
2025-10-29,2.6858177356649784,1.3100775320565647,1.85482064842904,1.2818567475791616,1.7435513060626662,1.2186626492161627,1.1081783642276273,1.7666431746866003,1.6485907964044757,1.2133374035014535,1.4263514038958702,1.293565594288556,0.9581962299726409
2025-10-30,2.664055240703338,1.2883825688260064,1.80219818994278,1.254154110750622,1.7385603342999398,1.244090853556051,1.1066972161178739,1.748802359227941,1.6299365611445957,1.2120441590338118,1.4224570694896468,1.245172108106601,0.9719095458946032
2025-10-31,2.699530619971518,1.3080698663747599,1.8135660630967996,1.2519612683362167,1.7399673284408288,1.244898058687846,1.092466009663268,1.7476824208200303,1.6270852552993584,1.2338020795820284,1.4461285785243312,1.2615167426223926,0.9716100520813108
2025-11-03,2.824275663197119,1.2839730551468937,1.821045434354719,1.257835213582079,1.7658904091993357,1.2587131793028303,1.093227294116204,1.7547176441104229,1.6243007232478914,1.2461171873037615,1.4574259054171492,1.2713333060198455,0.964977751455867
2025-11-04,2.668836086497898,1.2383258778962107,1.736265155590841,1.2081386380629033,1.7097932513179395,1.2164019256677874,1.0644292252874266,1.7044721097250028,1.5668501025194979,1.2136936780025067,1.3966693833500174,1.2517159870199417,0.9661750847838778
2025-11-05,2.884788663470525,1.2806252658649933,1.7539305992440957,1.2318859726194582,1.7961923321447344,1.2386266071520287,1.0987217888353666,1.7165249370992082,1.6445122426357037,1.210598330943375,1.3873284673592878,1.260396277134745,0.9588531965178944
2025-11-06,2.918585782682977,1.2683895213212812,1.687711786397531,1.2093657591195468,1.7609642841775095,1.1944760222109247,1.0746479428110673,1.7816748734527323,1.6183226803505664,1.1823413839049746,1.3513502742700445,1.2371883323005268,0.9534934475890218
2025-11-07,2.9161807189485884,1.228277649366267,1.6749176282347182,1.2060959559190818,1.7354583259119511,1.1922180393230053,1.065783849033562,1.7656992835360468,1.627122944281297,1.1942050980793244,1.3539640716759995,1.233711499521712,0.9617598211134537
2025-11-10,3.0971273892105398,1.2428492918065353,1.7281682650527492,1.2258386310642655,1.7772403031769757,1.211752460050876,1.0756998345373292,1.8364754579683877,1.66143659754558,1.2200648530525322,1.391094596802547,1.26189765198524,0.970323686648647
2025-11-11,3.001344394721897,1.2128524743490126,1.6833094654282617,1.2040170927994893,1.7195218578882578,1.2056425121178818,1.0669850477832223,1.7993945475977389,1.6061659989268386,1.2293962439190498,1.3854280303315114,1.2634364081313585,0.9805125711708456
2025-11-12,2.97776957393122,1.2233955661322324,1.7198950082388949,1.2130118426757126,1.7373049881618217,1.1898707620231372,1.084394272210286,1.8143935151264694,1.5860431339857743,1.1930392510788659,1.3656200408366514,1.2446612275962212,0.9680259015629507
2025-11-13,2.8195309616377924,1.1916259357823236,1.6394792146540325,1.1450310799330181,1.6644466438244776,1.1544272756450946,1.0651402974019257,1.7381455367274339,1.4891596723301,1.164762452001593,1.3126038952891113,1.2230623807331993,0.9406951717179712
2025-11-14,2.847154917795042,1.1800286498032604,1.6388098402803084,1.1446039157638486,1.647013876256475,1.1635045616024284,1.0507872417578508,1.737615025482236,1.509000236324541,1.1656817554141439,1.324419926202815,1.2209423964475044,0.9464803701463149
2025-11-17,2.867823496859966,1.1535052352711386,1.612770707738834,1.1135396444291896,1.6433571074114042,1.1521038730381394,1.0226949635037816,1.7221471682145095,1.4716251800462625,1.1524143312720747,1.2963737503327237,1.2227426073373975,0.9362071921103449
2025-11-18,2.7307473632136943,1.1229416767045204,1.5677545910515944,1.0602784634716613,1.6121783642377652,1.1474271340787339,1.012757700647252,1.6934089098708223,1.4627090254741122,1.1328936599691952,1.2845857124927436,1.197956283105391,0.9424138712552335
2025-11-19,2.746011726485081,1.1502885530124318,1.5790770168293689,1.057327536617074,1.6727701703632463,1.1638228703036793,1.0248194959644639,1.7223624778315152,1.5140825388176826,1.1324189202275716,1.2797732743131711,1.1993926630321767,0.9363443264782811
2025-11-20,2.4990214449359525,1.1067534383569542,1.5060697657022208,1.0417039742799745,1.566448073115799,1.1429858136410713,0.9950978802549231,1.6379450591646811,1.4590563518920048,1.0832109845532776,1.234597818691199,1.1825354935131216,0.9258966675498995
2025-11-21,2.5072382186449227,1.1175648352978782,1.5054355173938263,1.051382841129342,1.5874219739726894,1.1667376339181306,1.026881987535447,1.6501083118440427,1.4758540217459322,1.0725641809481978,1.2128009592644102,1.196456953945339,0.9261554961268973
2025-11-24,2.7003878231644465,1.191968198497171,1.557026132476501,1.0857180889977063,1.6531103450593194,1.1984637114947159,1.0440511019572496,1.7419346677276213,1.5196798099282727,1.0911420215870167,1.2371695619245995,1.233572945486571,0.9281399026418132
2025-11-25,2.7597496394023375,1.2021898618588749,1.521780454445063,1.0928660478476577,1.685605398514542,1.188930419197837,1.062471686829715,1.747575430250243,1.5402180753809926,1.1105321450599002,1.2523016189035947,1.2564986779406109,0.923178641088753
2025-11-26,2.833513745825999,1.2415682640035912,1.5557612515354653,1.1095086112979342,1.7418388286225932,1.2072258564240854,1.0831549855372444,1.7793962108525225,1.5649138934362352,1.066026438595224,1.2476681678653823,1.256727346907132,0.9310033736092583
2025-11-28,2.9077967284055393,1.2630563715706056,1.602975402903848,1.1310423139059338,1.7604792825905293,1.2230171805817083,1.0983189733611673,1.8333869225252648,1.5951019197883403,1.0783703193951417,1.2587100002601646,1.2738429704338945,0.9355900134344012
2025-12-01,2.9022706118235995,1.2522471427788804,1.606634637323125,1.1303057850651081,1.7491108222379104,1.2219413143607936,1.105812316393416,1.809506401308711,1.5736135092243988,1.0657854664657465,1.2594690418988115,1.2625917760935985,0.9103470534055903
2025-12-02,2.865799065613008,1.2811974246836209,1.6409194625016463,1.150186753268808,1.8143233209128238,1.2558984220639755,1.1532607312736254,1.8187048201793408,1.575282085402403,1.0772962012275924,1.3189998853102924,1.2694253076758095,0.9075162701904342
2025-12-03,2.7889154925813937,1.365692787003263,1.6520722951935618,1.1874925419252154,1.8450567168166199,1.2753044917971308,1.1890171453346732,1.8221759177986958,1.5628113495497813,1.0882101473390489,1.3458809169599137,1.2588772203208325,0.9144124190570199
2025-12-04,2.816438001040455,1.3650071167890432,1.630802410992298,1.1963764979185556,1.8457639338575254,1.267069869246021,1.1804659354386309,1.8475422365747614,1.580728082200803,1.091289509301078,1.3344943116870853,1.2653090486137588,0.9184110650072272
2025-12-05,2.952739173297391,1.3870045524329226,1.6439426267872703,1.211585817406941,1.8554354542863878,1.2930980307232405,1.194321110568936,1.8746083757541954,1.6006947278851613,1.1016250494215076,1.360118506291351,1.2767357993660575,0.930374045205656
2025-12-08,3.0215433617062195,1.378390449113324,1.641471464138444,1.207715656218584,1.876519006006098,1.3159016268108643,1.1970918987309946,1.9184139353501235,1.5808297279001113,1.0902463150139405,1.363320479267807,1.2676183910775787,0.9381710159795896
2025-12-09,3.0335552205994567,1.365442713836072,1.6494837882377975,1.215261590759648,1.8769956820333493,1.320758412852566,1.1841130673153066,1.9467478437480539,1.5638607078287854,1.0890547233735197,1.3611968206955738,1.2684199567178525,0.9306707891248256
2025-12-10,3.2102116922063004,1.3983525086144253,1.6481184127566963,1.2324517459045317,1.9125717441885177,1.3306939798563069,1.2018542115266868,1.9889082836355916,1.6097288782285764,1.0811448896033562,1.3738397871870909,1.2649489635023894,0.9261102822092594
2025-12-11,3.251751870126982,1.3837482802781669,1.6132519906117013,1.238722530506373,1.907804292497849,1.312200650001088,1.2059183597864451,2.0390972729349057,1.61329441363256,1.0780572139731461,1.3511427691655151,1.2597184663083587,0.9362564992920956
2025-12-12,3.0450771052103174,1.2924970961490394,1.5477736447796795,1.1702044130735842,1.820616023503231,1.2790364660198545,1.1823404411736276,1.8910097309734786,1.4798082912476653,1.0659651649880604,1.3322063221291187,1.2436504337036156,0.923881316802299
2025-12-15,2.9977347642136767,1.2675462038007543,1.5223620165997662,1.1670234411320093,1.8499723955820822,1.2547316193440021,1.1867939255965976,1.8934264688388078,1.4954123960671184,1.0397472347829249,1.2895188498733443,1.2367301491213292,0.921881335354147
2025-12-16,3.000415508940145,1.260395785112418,1.5163285080676994,1.1676265125586105,1.83636171339921,1.2543374316867948,1.1819026220273523,1.867591128682421,1.4858669940341747,1.047821479567891,1.3120342758141095,1.2407281719193894,0.9114266394813461
2025-12-17,2.886306740695502,1.2175658027398966,1.4486106152501947,1.1330855699325535,1.7581574181842483,1.236363760926886,1.1484503867460696,1.8184019874835942,1.4098808989287643,1.0158247542280567,1.2821468916196008,1.2251775395198785,0.9055675976185675
2025-12-18,3.0849151924652616,1.2365753541779754,1.4597114150659052,1.1445156021173144,1.8263092125181755,1.2505477716161575,1.15930141788844,1.86172034634162,1.4400537111638267,1.0295248008744189,1.3012996542690454,1.2508089511526386,0.8949250891778708
2025-12-19,3.207798272647075,1.2532853117155291,1.5036215142191023,1.166302896782149,1.8725706661248598,1.2636513139926815,1.1668071691297603,1.9650541406791868,1.4663186511130266,1.0362849081014218,1.3330292396578967,1.2550620860241959,0.8979065497057546
2025-12-22,3.1764489980642994,1.2667104220399545,1.5048727476062922,1.1806311162452356,1.8978484821718635,1.2691085313279984,1.1784081940958508,1.9889366718700403,1.4877157264978287,1.0451904180729947,1.3561695882815445,1.25988346075272,0.9040165886989121
2025-12-23,3.1839620726723274,1.2851093894373078,1.5116664589873605,1.1800661744188337,1.9040503252417236,1.2587590929754118,1.1722027554730117,2.0003599105626972,1.4958305382818937,1.0344491584002047,1.3454642269875126,1.2725371275717074,0.9104027449171347
2025-12-24,3.2410227611935905,1.280464731437974,1.5071533055603101,1.18111962008289,1.914116959058165,1.262483512845862,1.1752434053180325,1.9969414004179422,1.4988656884913387,1.0342605521823893,1.342976013826224,1.274616154580926,0.9134158938529989
2025-12-26,3.2494110586006504,1.2793095313696066,1.506994585717018,1.1797983757514579,1.9200389315384188,1.2699318272798013,1.1688132817361285,2.0057440207927084,1.5009550868681607,1.0404167796702537,1.3419889768418403,1.2719837927686835,0.9177504691726
2025-12-29,3.2561302693257783,1.271222408161121,1.5093289020401977,1.1753727760223425,1.9052935996004945,1.2650817474235816,1.1573836307500802,1.9995338715279838,1.4906717530645859,1.0301735757410826,1.3272989258053067,1.2688160247040479,0.9194420404347734
2025-12-30,3.2231404510466994,1.2769179174072114,1.515066207942414,1.179945659369817,1.8860642980341729,1.2657919755154203,1.1535515420533962,1.9835368433928202,1.4819040004510733,1.0277191705864122,1.3227587033065757,1.2734817919547026,0.9242543098617114
2025-12-31,3.1555139906729206,1.2573055145989767,1.5015326722596758,1.163570806416442,1.855316529975787,1.2526004234343224,1.1372738816096175,1.9605361646821604,1.4657971128209748,1.0146604791416356,1.3106199008381125,1.2649558581465126,0.9186063594817273
2026-01-02,3.4067296077083675,1.2895113671621528,1.5664233552306268,1.1972764879589672,1.970586520241934,1.2964525311241408,1.1614638707645992,2.0153157003366684,1.534553811412481,0.9900011320823019,1.2687993939062765,1.249588190783592,0.9170203760084441
2026-01-05,3.405089677397991,1.3017751816486338,1.5653322320382905,1.204555290398578,2.083200578770371,1.2992111149526642,1.1738741684219054,1.9741015230755987,1.5215536873985889,0.9980643432875637,1.294296556036639,1.2639793867893097,0.9216659428480922
2026-01-06,3.8680866999315113,1.3431353839407951,1.556293826180538,1.2312093545429448,2.1757830179052564,1.3522732021693797,1.259569583781241,2.025536008877058,1.4842984155884282,1.004938767810419,1.3274692664496859,1.2771139476376911,0.9240234198990079
2026-01-07,3.6524397936853674,1.319005481021021,1.577992544557884,1.230435896168014,2.1296983005312233,1.3988030411984211,1.226076944246923,2.0161787482949016,1.4311932799080143,1.0424849297994532,1.336106957452842,1.2832525671653576,0.9040440379118222
2026-01-08,3.43924250213204,1.2962807123995104,1.5365388609777555,1.2150683769665658,2.076392493280121,1.3585729270695786,1.2353073332288715,1.8716077423947388,1.4038242451154879,1.011495783692142,1.291940415891223,1.2881244790388968,0.9024372961684871
2026-01-09,3.6594004073891107,1.3212530842385166,1.5704368124650567,1.2340655594968546,2.189181263833761,1.388947835738998,1.2443760756566333,1.8923461389192209,1.4278836502854224,1.0124811353497276,1.2884905381365088,1.2969241591557827,0.9113780729727943
2026-01-12,3.803326385926825,1.3180350530079923,1.5642156931168463,1.2458142475460081,2.234204194151712,1.405500664905784,1.2340592609008187,1.921728044550197,1.4547090870551325,1.0084405647067418,1.304768283517998,1.2920513665142042,0.9133843987441108
2026-01-13,3.7740828431161644,1.3259476499186797,1.608116364675082,1.2431989110326374,2.2322014286497756,1.4061615569425392,1.2417712500461422,1.9940679637923193,1.4659154127017493,1.0108186404414097,1.2651338046067087,1.2810988885769934,0.9307003741528407
2026-01-14,3.73784159805487,1.3014484578855063,1.6086564953147071,1.2365858252798363,2.2116015617708733,1.4129004614289775,1.2540726131788185,1.9367004999317705,1.4549066161286333,0.997712600875128,1.2329471626864377,1.2575357384334205,0.9376294970838444
2026-01-15,3.8233247160947617,1.299673496880231,1.6221703223475732,1.2450920980998235,2.3026638821413914,1.434799116154725,1.2567703103043497,2.0056061907649734,1.4834990709365974,0.9859220880922782,1.2197940628697603,1.2575391334493204,0.9503544160857218
2026-01-16,3.942340215024616,1.3125346592137712,1.618520363541267,1.2670193241880845,2.3411589093373926,1.461426563146837,1.2643253258999958,1.988938640084666,1.5239500806011308,0.9861673111644496,1.2106349302696688,1.2580780421160684,0.9586782768281421
2026-01-20,3.958185837882065,1.2762128029984392,1.6200513015422708,1.250421959792071,2.282825522819988,1.545381283828495,1.248079517741718,1.9697079518459526,1.5117408797930767,0.9668172332601701,1.175150696097223,1.2279413729945576,0.9292857370935824
2026-01-21,4.231137096657279,1.3036285595273167,1.7361834645231264,1.3129881646542363,2.343883828514107,1.587276070803858,1.282108301177205,1.9724386639497893,1.549081392708088,0.9688060121311467,1.1645995693008968,1.2318969615098072,0.9332374559587568
2026-01-22,4.279406781104873,1.297986313147141,1.767288332829292,1.305907249685295,2.2978740300503264,1.568166758902861,1.2914698618877032,2.018928000629588,1.5509065634139594,0.9797324177798392,1.1969789576347327,1.2602515665498357,0.9277936741054471
2026-01-23,4.2446073220747635,1.2714553991596,1.6975754825641083,1.2815001351786703,2.3021539566037656,1.537848209653833,1.2759316800212264,1.9968010221954595,1.5434297317357535,0.990458539166891,1.2030177138437266,1.2800015691795947,0.9314782007615137
2026-01-26,4.283749790676453,1.2864006269102426,1.6519891660126689,1.2709549014428847,2.3279227823901927,1.589352972783478,1.2790417724824028,2.0488288610841874,1.5536354860826054,1.0148394377584173,1.2203548039234446,1.2937926131033786,0.9421151669824126
2026-01-27,4.48506817124634,1.3050857917849727,1.6722493229699587,1.2770824135814955,2.4384735649270213,1.690309382116353,1.2848492021734268,2.1463072061962483,1.5833736860305652,1.0202613187962033,1.2039963906668552,1.310914664342749,0.9448185331009828
2026-01-28,5.022528022546911,1.3389282852843665,1.7083306845940835,1.3003490027878746,2.482281498843657,1.6279894842859246,1.36565126554224,2.1999767853578858,1.5992600055886603,1.0111109930248643,1.1903067517523447,1.3087593194242029,0.9383941203890935
2026-01-29,5.030526571510973,1.3182828168521892,1.7025988990443486,1.2664063903848064,2.53836675366388,1.569719205566873,1.3682155356463321,2.167768770539837,1.7034250787463647,0.9700080435954138,1.1140853148521817,1.3105639935891567,0.9579918073078819
2026-01-30,4.634350608582686,1.2869186481619648,1.6422615654576027,1.2201340001577528,2.3414110515320568,1.509486196431421,1.326641280856606,2.1306447818007688,1.6959320819765327,0.9678210991520166,1.0941200346875066,1.2949234396610256,0.9513523706801094
2026-02-02,4.93887416260757,1.297464147888776,1.6737414949173015,1.2145954894059878,2.376004849299561,1.518767201534697,1.3692990793411166,2.1947993848000733,1.7537526725679482,0.965116563902442,1.0895903303063197,1.295559363904086,0.9346208395914273
2026-02-03,5.035466994197468,1.2583637610078333,1.64925133386335,1.1384342407277501,2.3963998682831997,1.482983365584698,1.345701387821989,2.2486870918537805,1.769142079974979,0.9220646912064855,1.0412357632291134,1.2699756998132274,0.9289423162967778
2026-02-04,4.657264699074505,1.240823759738184,1.5597394615369433,1.1314033953940494,2.253077288549746,1.478245001144289,1.3535350975724338,2.1073603561964265,1.7741567453549694,0.9217686018792975,1.004653846435684,1.2481278152361968,0.9415984688092089
2026-02-05,4.569540807158897,1.2458148505477171,1.5589301142171683,1.1252694341922858,2.2892217902414917,1.48522536085547,1.3555660417458935,2.1031641077346217,1.7731671621486569,0.8574950225532113,0.9467137039443201,1.217766658403335,0.9122661552761787
2026-02-06,4.837229837880342,1.2989506047118844,1.6859276252707907,1.1891471264212827,2.480870890781966,1.5402612079374356,1.374951239532316,2.2393653622629737,1.8811827138293291,0.8820167669659491,0.9798589637674412,1.1949467105333333,0.9403872625956446
2026-02-09,4.794748610042321,1.3153329349790814,1.7119243132125237,1.2219335850088038,2.5109868869387073,1.5567640494637895,1.3739358577995266,2.3438339603085896,1.9127431995935078,0.9104553096562091,1.0250455726547947,1.2104219049016545,0.9534966939691609
2026-02-10,4.51290126754125,1.3234971063042809,1.6818404976916108,1.2213407349274246,2.4863981173189242,1.5396518348472594,1.3729387373872246,2.331788408976709,1.908143800353378,0.9172722055700043,1.0441078018222252,1.1993686549994733,0.9645485635782814
2026-02-11,4.7682761242421074,1.3452273489930413,1.6933396500829083,1.209100899180137,2.5850623151952057,1.660901880025797,1.4296886710582546,2.3006075608068928,2.055542492125474,0.9200702381281928,1.0096374003450916,1.1806595609076158,0.9774591487519387
2026-02-12,4.935846028800226,1.3027581703367508,1.6449601386696904,1.1749231327928271,2.519223423598637,1.6510451141271012,1.3950858025811472,2.1792699378116365,2.0050603371959617,0.9047844425762371,0.9965760246455299,1.1621391010400763,1.0263232336315633
2026-02-13,4.892305006704072,1.2950190332345082,1.651772884271636,1.1996462160852417,2.5947458232848426,1.6586737392124637,1.4139841850394326,2.2420276595750726,2.0043435513228465,0.9330011342094182,1.0277700467708641,1.1530111609373805,1.0396528958931153
2026-02-17,4.821422284139433,1.3090875206680883,1.6481300215761017,1.1403075350920437,2.5864595769622154,1.6387648850908092,1.4151500280878817,2.250058437821572,2.037931218353453,0.9025617111786036,1.0050894876690237,1.149524886285095,1.0425503109733008
2026-02-18,5.008637581209177,1.3117418761093287,1.643541792775414,1.1764789516458862,2.6412573102526293,1.6148090643687418,1.4140862274719206,2.2739073011312536,2.014643955199916,0.8846138332810354,1.0197942464978753,1.1597226328015098,1.0080482993537891
2026-02-19,4.8677084847055045,1.3044681962683227,1.641446507612128,1.1603640311900945,2.632405297393435,1.593933630215289,1.3929787676208794,2.302690028042878,2.0242474607288066,0.8846849911007902,1.016275813695839,1.1592390221278166,1.0023765523296726
2026-02-20,4.923109409634423,1.3052257581200395,1.630087480279991,1.1578527518157653,2.6934869569083726,1.6318281551859914,1.4142727189109632,2.357534625150041,2.042373624260307,0.8471422996378228,0.9908271289616062,1.1822693784339058,1.0112802138637973
2026-02-23,4.851392557434557,1.2866284521034377,1.6162976921303234,1.1059883723068742,2.6660017504162803,1.6317869647070395,1.4087890982146287,2.3419683152722253,2.01826237148075,0.7863077085178407,0.9328260835169948,1.154392448207915,1.0194532513708128
2026-02-24,4.7380470315200025,1.2798884402947588,1.691767483375605,1.1493089880752878,2.7099325513004637,1.6981836075239622,1.4115670980687607,2.3615482001264128,2.0904319124563293,0.7902738147047078,0.9520353519083162,1.1628001501520073,1.0271716885747644
2026-02-25,5.001542019543767,1.3000122789166304,1.7106686760339622,1.1862659430681497,2.8012148391319585,1.6966493713307433,1.423121415922531,2.436362196310945,2.092489295661013,0.8160153068104765,0.9779233005970318,1.1827814694219634,1.0134997809373347
2026-02-26,4.85132309395832,1.2745769137623817,1.6517671448119398,1.181014377015422,2.7070943263367004,1.6448642537869977,1.3953850987357184,2.355051676751998,2.081262454296152,0.8525838781701615,1.0121013480424321,1.1760751718938158,1.010232539973507
2026-02-27,4.817076073475548,1.2827272158353307,1.623114783932133,1.1601548748370185,2.6606034740747257,1.6564337769437736,1.377055849845596,2.413696574408473,2.0738407547469317,0.8203980652435789,0.9935821338174265,1.1726821157271978,1.0369411691432397
2026-03-02,4.649127231078419,1.2755721244992102,1.6091268849497224,1.1627766350020892,2.646497800933526,1.6639310685260738,1.3583831540501576,2.4810722852673943,2.087535417562818,0.830784862831119,1.0101212932579464,1.1767742915670956,1.026863748985247
